Optimizer,objfname,ExecutionTime,Individual,Iter1,Iter2,Iter3,Iter4,Iter5,Iter6,Iter7,Iter8,Iter9,Iter10,Iter11,Iter12,Iter13,Iter14,Iter15,Iter16,Iter17,Iter18,Iter19,Iter20,Iter21,Iter22,Iter23,Iter24,Iter25,Iter26,Iter27,Iter28,Iter29,Iter30,Iter31,Iter32,Iter33,Iter34,Iter35,Iter36,Iter37,Iter38,Iter39,Iter40,Iter41,Iter42,Iter43,Iter44,Iter45,Iter46,Iter47,Iter48,Iter49,Iter50,Iter51,Iter52,Iter53,Iter54,Iter55,Iter56,Iter57,Iter58,Iter59,Iter60,Iter61,Iter62,Iter63,Iter64,Iter65,Iter66,Iter67,Iter68,Iter69,Iter70,Iter71,Iter72,Iter73,Iter74,Iter75,Iter76,Iter77,Iter78,Iter79,Iter80
GA,MSE_ESI,0.6623721122741699,[0.32152805 0.12752839 0.75453078],0.5920575000839281,0.5920575000839281,0.5920575000839281,0.5920575000839281,0.5920575000839281,0.5590319641674159,0.5590319641674159,0.5590319641674159,0.5590319641674159,0.5590319641674159,0.5552078085046873,0.5447495526002845,0.4760459741330041,0.4760459741330041,0.4760459741330041,0.4760459741330041,0.4760459741330041,0.4760459741330041,0.4760459741330041,0.4760459741330041,0.4760459741330041,0.4760459741330041,0.4760459741330041,0.4760459741330041,0.4760459741330041,0.4760459741330041,0.4760459741330041,0.450178487152797,0.41697985041870356,0.41697985041870356,0.4093213761237112,0.4072327774918146,0.4072327774918146,0.4072327774918146,0.4072327774918146,0.4072327774918146,0.4072327774918146,0.4072327774918146,0.4072327774918146,0.4072327774918146,0.4072327774918146,0.4072327774918146,0.4072327774918146,0.4072327774918146,0.4072327774918146,0.4072327774918146,0.4072327774918146,0.4072327774918146,0.4072327774918146,0.4072327774918146,0.4072327774918146,0.4072327774918146,0.4072327774918146,0.38974005652075483,0.38473286490107234,0.3832642013066199,0.35585812918562193,0.3517328583962922,0.3517328583962922,0.3517328583962922,0.35119980858476535,0.35065302808409154,0.348964529263816,0.34812562015570164,0.34812562015570164,0.34763894989566807,0.34763894989566807,0.34763894989566807,0.34763894989566807,0.34763894989566807,0.34763894989566807,0.34763894989566807,0.34763894989566807,0.34763894989566807,0.34763894989566807,0.34763894989566807,0.34763894989566807,0.34763894989566807,0.34763894989566807,0.34763894989566807
GA,MSE_ESI,0.6189181804656982,[0.31786333 0.12996675 0.50281137],2.462930062692456,1.1214975065950346,0.8562266283952229,0.8562266283952229,0.6346142870783864,0.3459377357648519,0.3459377357648519,0.3459377357648519,0.3459377357648519,0.3459377357648519,0.3459377357648519,0.3459377357648519,0.3459377357648519,0.34551711680821623,0.3450979269915739,0.3450979269915739,0.3450979269915739,0.3450979269915739,0.3450979269915739,0.3450979269915739,0.3450979269915739,0.3450979269915739,0.3450979269915739,0.3450979269915739,0.3450979269915739,0.3450979269915739,0.3450979269915739,0.3450979269915739,0.3450979269915739,0.3450979269915739,0.3450979269915739,0.3450979269915739,0.3450979269915739,0.3450979269915739,0.3450979269915739,0.3450979269915739,0.3450979269915739,0.3450979269915739,0.3450979269915739,0.3450979269915739,0.3450979269915739,0.3450979269915739,0.3450979269915739,0.3450979269915739,0.3450979269915739,0.3450979269915739,0.3450979269915739,0.3450979269915739,0.3450979269915739,0.3450979269915739,0.3450979269915739,0.3450979269915739,0.3450979269915739,0.3450979269915739,0.3450979269915739,0.3450979269915739,0.3450979269915739,0.3450979269915739,0.3450979269915739,0.3450979269915739,0.3450979269915739,0.3450979269915739,0.3450979269915739,0.3450979269915739,0.3450979269915739,0.3450979269915739,0.3450979269915739,0.3450979269915739,0.3450979269915739,0.3450979269915739,0.3450979269915739,0.3450979269915739,0.3450979269915739,0.3450979269915739,0.3450979269915739,0.3450979269915739,0.3450979269915739,0.3450979269915739,0.3450979269915739,0.3450979269915739
GA,MSE_ESI,0.6373813152313232,[0.31599429 0.13283479 0.2127273 ],2.8453025448448535,2.342560330729906,0.6889638010063484,0.6248227111459413,0.6248227111459413,0.6248227111459413,0.6248227111459413,0.6248227111459413,0.6248227111459413,0.6248227111459413,0.6248227111459413,0.6248227111459413,0.6248227111459413,0.6248227111459413,0.43026037437771,0.43026037437771,0.43026037437771,0.43026037437771,0.43026037437771,0.43026037437771,0.43026037437771,0.43026037437771,0.43026037437771,0.43026037437771,0.43026037437771,0.3828978623793424,0.3828978623793424,0.3828978623793424,0.3828978623793424,0.3828978623793424,0.3828978623793424,0.3828978623793424,0.3828978623793424,0.3828978623793424,0.3828978623793424,0.3828978623793424,0.36731588727309816,0.3444085444414258,0.3444085444414258,0.3444085444414258,0.3444085444414258,0.3444085444414258,0.3444085444414258,0.3438910864856558,0.3438910864856558,0.3438910864856558,0.3438910864856558,0.3438910864856558,0.3438910864856558,0.3438910864856558,0.3438910864856558,0.3438910864856558,0.3438910864856558,0.3438910864856558,0.3438910864856558,0.3438910864856558,0.3438910864856558,0.3438910864856558,0.3438910864856558,0.3438910864856558,0.3438910864856558,0.3438910864856558,0.3438910864856558,0.3438910864856558,0.3438910864856558,0.3438910864856558,0.3438910864856558,0.3438910864856558,0.3438910864856558,0.3438910864856558,0.3438910864856558,0.3438910864856558,0.3438910864856558,0.3438910864856558,0.3438910864856558,0.3438910864856558,0.3438910864856558,0.3438910864856558,0.3438910864856558,0.3438910864856558
GA,MSE_ESI,0.6392028331756592,[0.3159127  0.12818044 0.68431585],1.3677202740276515,0.9360260254676376,0.9360260254676376,0.9360260254676376,0.9360260254676376,0.9360260254676376,0.9360260254676376,0.8474184159771914,0.8474184159771914,0.8474184159771914,0.5460517183232579,0.3636366029810006,0.3636366029810006,0.3474109153732506,0.3474109153732506,0.3474109153732506,0.3474109153732506,0.3474109153732506,0.3474109153732506,0.3474109153732506,0.34726334333912273,0.34726334333912273,0.34726334333912273,0.34726334333912273,0.34726334333912273,0.34726334333912273,0.34726334333912273,0.34726334333912273,0.34726334333912273,0.34726334333912273,0.34726334333912273,0.34726334333912273,0.34726334333912273,0.34726334333912273,0.34726334333912273,0.34726334333912273,0.34726334333912273,0.34726334333912273,0.3469057162001123,0.3469057162001123,0.3469057162001123,0.3469057162001123,0.3469057162001123,0.3469057162001123,0.3469057162001123,0.3469057162001123,0.3469057162001123,0.3469057162001123,0.3469057162001123,0.3469057162001123,0.3469057162001123,0.3469057162001123,0.3469057162001123,0.3469057162001123,0.3469057162001123,0.3469057162001123,0.3469057162001123,0.3469057162001123,0.3469057162001123,0.3469057162001123,0.3469057162001123,0.3469057162001123,0.3469057162001123,0.3469057162001123,0.3469057162001123,0.3469057162001123,0.3469057162001123,0.3469057162001123,0.3469057162001123,0.3469057162001123,0.3469057162001123,0.3469057162001123,0.3469057162001123,0.3469057162001123,0.3469057162001123,0.3469057162001123,0.34684572457080987,0.34684572457080987,0.34684572457080987,0.3468320308123636
GA,MSE_ESI,0.6231698989868164,[0.31339963 0.13251439 0.29425349],1.7799730116434758,1.5904839186515123,1.5904839186515123,1.5904839186515123,1.5904839186515123,1.0883271048820002,0.3737486005502899,0.3737486005502899,0.3737486005502899,0.3737486005502899,0.3678086019377703,0.3678086019377703,0.360381455023267,0.360381455023267,0.360381455023267,0.360381455023267,0.360381455023267,0.360381455023267,0.360381455023267,0.35809279258474175,0.35809279258474175,0.35809279258474175,0.35809279258474175,0.35809279258474175,0.35809279258474175,0.35809279258474175,0.35809279258474175,0.35809279258474175,0.3494588090771177,0.3494588090771177,0.3494588090771177,0.3494588090771177,0.3494588090771177,0.3494588090771177,0.3494588090771177,0.3494588090771177,0.3494588090771177,0.3494588090771177,0.3494588090771177,0.3494588090771177,0.3494588090771177,0.3494588090771177,0.3494588090771177,0.3494588090771177,0.3494588090771177,0.3494588090771177,0.3494588090771177,0.3494588090771177,0.3472300121608373,0.34408837369419754,0.34408837369419754,0.34408837369419754,0.34408837369419754,0.34408837369419754,0.3439034740726642,0.3439034740726642,0.3439034740726642,0.3439034740726642,0.3439034740726642,0.3439034740726642,0.3439034740726642,0.3439034740726642,0.3439034740726642,0.3439034740726642,0.3439034740726642,0.3439034740726642,0.3439034740726642,0.3439034740726642,0.3439034740726642,0.3439034740726642,0.3439034740726642,0.3439034740726642,0.3439034740726642,0.3439034740726642,0.3439034740726642,0.3439034740726642,0.3439034740726642,0.3439034740726642,0.3439034740726642,0.3439034740726642
GA,MSE_ESI,0.6147189140319824,[0.31268132 0.13594608 0.03310717],5.3613379096203335,2.2774416055724456,2.2774416055724456,0.4443534850949881,0.4443534850949881,0.4443534850949881,0.4443534850949881,0.4443049168160974,0.4443049168160974,0.4443049168160974,0.4443049168160974,0.4443049168160974,0.43751333687289873,0.43127262849758535,0.43127262849758535,0.43127262849758535,0.43127262849758535,0.43127262849758535,0.43127262849758535,0.43127262849758535,0.43127262849758535,0.4061942901592043,0.4061942901592043,0.4061942901592043,0.4061942901592043,0.4061942901592043,0.4061942901592043,0.4061942901592043,0.4061942901592043,0.4061942901592043,0.4061942901592043,0.4061942901592043,0.4061942901592043,0.34643185681205707,0.34643185681205707,0.34643185681205707,0.34643185681205707,0.34643185681205707,0.34643185681205707,0.34643185681205707,0.34643185681205707,0.34488609221119704,0.34488609221119704,0.34488609221119704,0.34488609221119704,0.34488609221119704,0.34488609221119704,0.34488609221119704,0.34488609221119704,0.34488609221119704,0.34488609221119704,0.34488609221119704,0.34488609221119704,0.34488609221119704,0.34488609221119704,0.34488609221119704,0.34488609221119704,0.34488609221119704,0.34488609221119704,0.34488609221119704,0.34488609221119704,0.34452013605015896,0.34452013605015896,0.34452013605015896,0.34452013605015896,0.34452013605015896,0.34452013605015896,0.34452013605015896,0.34452013605015896,0.34452013605015896,0.34452013605015896,0.34452013605015896,0.34452013605015896,0.34452013605015896,0.34452013605015896,0.34452013605015896,0.34452013605015896,0.34452013605015896,0.34452013605015896,0.34452013605015896
GA,MSE_ESI,0.7732193470001221,[0.28028651 0.13694604 0.03815632],0.7743131185048443,0.7743131185048443,0.7743131185048443,0.7743131185048443,0.7727483431047878,0.7699580420961224,0.7699580420961224,0.7699580420961224,0.7699580420961224,0.417550522085123,0.417550522085123,0.3995799001490492,0.3995799001490492,0.3995799001490492,0.39196978750598205,0.39196978750598205,0.3903820508630947,0.3903820508630947,0.3903820508630947,0.3903820508630947,0.3903820508630947,0.38946750865891844,0.38946750865891844,0.38946750865891844,0.38946750865891844,0.38946750865891844,0.38946750865891844,0.38946750865891844,0.38946750865891844,0.38946750865891844,0.38946750865891844,0.38946750865891844,0.38946750865891844,0.38946750865891844,0.38946750865891844,0.38946750865891844,0.38946750865891844,0.38946750865891844,0.38946750865891844,0.38946750865891844,0.38946750865891844,0.38946750865891844,0.38946750865891844,0.38946750865891844,0.38946750865891844,0.38946121838053965,0.38946121838053965,0.38946121838053965,0.38946121838053965,0.38946121838053965,0.38946121838053965,0.38946121838053965,0.38946121838053965,0.38946121838053965,0.38946121838053965,0.38946121838053965,0.3692964692197209,0.3634635129758151,0.3634635129758151,0.3634635129758151,0.3634635129758151,0.3634635129758151,0.3592770917630529,0.3592770917630529,0.3592770917630529,0.3592770917630529,0.3592770917630529,0.3592770917630529,0.3590106229618682,0.3590106229618682,0.3590106229618682,0.3590106229618682,0.3590106229618682,0.3590106229618682,0.3590106229618682,0.3590106229618682,0.3590106229618682,0.3590106229618682,0.3590106229618682,0.3590106229618682
GA,MSE_ESI,0.7992146015167236,[0.31926984 0.12724351 0.75042642],1.3184235350841629,1.3184235350841629,1.3184235350841629,1.3184235350841629,1.3184235350841629,1.3184235350841629,0.3561867961517016,0.3549393353283029,0.3549393353283029,0.3549393353283029,0.3549393353283029,0.3549393353283029,0.3549393353283029,0.3549393353283029,0.3549393353283029,0.3534601722565405,0.3534601722565405,0.34874069675666863,0.34874069675666863,0.34874069675666863,0.34874069675666863,0.34874069675666863,0.34874069675666863,0.34874069675666863,0.34874069675666863,0.3485593065801045,0.3485593065801045,0.3485593065801045,0.3485593065801045,0.3485593065801045,0.3485593065801045,0.3485593065801045,0.3485593065801045,0.3485593065801045,0.3485593065801045,0.3485593065801045,0.3485593065801045,0.3485593065801045,0.3485546567822935,0.3485546567822935,0.3485546567822935,0.3485546567822935,0.3478481548255086,0.3478481548255086,0.3478481548255086,0.3478481548255086,0.3478481548255086,0.3478481548255086,0.3478481548255086,0.3478481548255086,0.3478481548255086,0.3478481548255086,0.3478481548255086,0.3478481548255086,0.3478481548255086,0.3478481548255086,0.3478481548255086,0.3478481548255086,0.3478481548255086,0.3478481548255086,0.3478481548255086,0.3478481548255086,0.3478481548255086,0.3478481548255086,0.3478481548255086,0.3478481548255086,0.3478481548255086,0.3478481548255086,0.3478481548255086,0.3478475437496981,0.3478475437496981,0.3478475437496981,0.3478475437496981,0.3478475437496981,0.3478475437496981,0.3478475437496981,0.34783399436363394,0.34783399436363394,0.34783399436363394,0.34783399436363394
GA,MSE_ESI,0.83479905128479,[0.3346345  0.13274356 0.26675911],2.1125898575835342,2.1125898575835342,2.1125898575835342,2.1125898575835342,2.1033468867347267,2.0461570766117116,2.0461570766117116,2.0461570766117116,2.0461570766117116,2.0461570766117116,0.4875608968804587,0.4875608968804587,0.4875608968804587,0.4875608968804587,0.4875608968804587,0.4875608968804587,0.4875608968804587,0.45696573260128603,0.45696573260128603,0.45696573260128603,0.45696573260128603,0.45696573260128603,0.45696573260128603,0.45696573260128603,0.45696573260128603,0.45357861821896905,0.45357861821896905,0.45169265017463045,0.45169265017463045,0.45169265017463045,0.45169265017463045,0.45169265017463045,0.45169265017463045,0.45169265017463045,0.45169265017463045,0.45169265017463045,0.45169265017463045,0.45169265017463045,0.45169265017463045,0.45169265017463045,0.45169265017463045,0.45169265017463045,0.45169265017463045,0.45169265017463045,0.45169265017463045,0.45169265017463045,0.45169265017463045,0.45169265017463045,0.45169265017463045,0.45169265017463045,0.45169265017463045,0.45169265017463045,0.3567406135413324,0.3567406135413324,0.3567406135413324,0.3567406135413324,0.3567406135413324,0.3567406135413324,0.3567406135413324,0.3567406135413324,0.3567406135413324,0.3567406135413324,0.3567406135413324,0.3567406135413324,0.3567406135413324,0.3567406135413324,0.3567406135413324,0.3567406135413324,0.3567406135413324,0.3567406135413324,0.3567406135413324,0.3567406135413324,0.3567406135413324,0.3560704131533155,0.3560704131533155,0.3560704131533155,0.34913093466730616,0.34913093466730616,0.34913093466730616,0.34913093466730616
GA,MSE_ESI,0.8951091766357422,[0.31652659 0.14012634 0.00113059],5.3828291866892615,5.3828291866892615,4.1229137667999005,2.816197506532393,1.6733469105570151,1.6733469105570151,1.2205110279344875,1.1603119684202352,1.113472005478132,1.113472005478132,0.589389378406654,0.589389378406654,0.589389378406654,0.4664541800692528,0.4664541800692528,0.43254965368450654,0.43254965368450654,0.4321953948789214,0.43198781155129623,0.43198781155129623,0.43198781155129623,0.40232387643184375,0.40232387643184375,0.40232387643184375,0.40232387643184375,0.3688661087837076,0.3688661087837076,0.3688661087837076,0.3688661087837076,0.3688661087837076,0.3688661087837076,0.3688661087837076,0.3688661087837076,0.3688661087837076,0.3688661087837076,0.3667656543333072,0.3667656543333072,0.3667656543333072,0.3667656543333072,0.3667656543333072,0.3667656543333072,0.3667656543333072,0.3667656543333072,0.3667656543333072,0.3667656543333072,0.3667656543333072,0.3667656543333072,0.3667656543333072,0.3667656543333072,0.3667656543333072,0.3667656543333072,0.3667656543333072,0.3667656543333072,0.3667656543333072,0.3667656543333072,0.3667656543333072,0.3667656543333072,0.3667656543333072,0.3667656543333072,0.3667656543333072,0.3667656543333072,0.3667656543333072,0.3667656543333072,0.3667656543333072,0.3667656543333072,0.3667656543333072,0.3667656543333072,0.3667656543333072,0.3667656543333072,0.3667656543333072,0.3667656543333072,0.3667656543333072,0.3667656543333072,0.3667656543333072,0.3667656543333072,0.3667656543333072,0.3667656543333072,0.3667656543333072,0.3667656543333072,0.3667656543333072
GA,MSE_ESI,0.9888381958007812,[0.30989008 0.13679721 0.0253509 ],7.974745853532042,5.519912944235111,0.38038397154726805,0.38038397154726805,0.3648921916214103,0.3648921916214103,0.3648921916214103,0.3648921916214103,0.3648921916214103,0.3648921916214103,0.3648921916214103,0.3648921916214103,0.3547394051361495,0.3547394051361495,0.3547394051361495,0.3547394051361495,0.3547394051361495,0.3547394051361495,0.34907392398300896,0.34907392398300896,0.34907392398300896,0.34907392398300896,0.34907392398300896,0.34907392398300896,0.346268100745638,0.346268100745638,0.346268100745638,0.346268100745638,0.346268100745638,0.346268100745638,0.346268100745638,0.346268100745638,0.346268100745638,0.346268100745638,0.346268100745638,0.346268100745638,0.3462440094198955,0.3462440094198955,0.3462440094198955,0.3462440094198955,0.3462440094198955,0.3462440094198955,0.3462440094198955,0.3462440094198955,0.3462440094198955,0.3462440094198955,0.3462440094198955,0.3462440094198955,0.3462440094198955,0.3462440094198955,0.3462440094198955,0.3462440094198955,0.3462440094198955,0.3462440094198955,0.3462440094198955,0.3462440094198955,0.3462440094198955,0.3462440094198955,0.3462440094198955,0.3462440094198955,0.3462440094198955,0.3462440094198955,0.3462440094198955,0.3462440094198955,0.3462440094198955,0.3462440094198955,0.3462440094198955,0.3462440094198955,0.3462440094198955,0.3462440094198955,0.3462440094198955,0.3462440094198955,0.3462440094198955,0.3462440094198955,0.3462440094198955,0.3462440094198955,0.3462440094198955,0.3462440094198955,0.3462440094198955,0.3462440094198955
GA,MSE_ESI,0.8272557258605957,[0.30029635 0.13270794 0.34690517],0.9599592665146142,0.5603428245740871,0.49624915344509263,0.49624915344509263,0.49624915344509263,0.49624915344509263,0.4935184238207712,0.4935184238207712,0.4935184238207712,0.4935184238207712,0.4935184238207712,0.4935184238207712,0.4935184238207712,0.4935184238207712,0.4935184238207712,0.4935184238207712,0.4669269404046162,0.4669269404046162,0.4669269404046162,0.4669269404046162,0.4669269404046162,0.4669269404046162,0.4669269404046162,0.4669269404046162,0.3892751133554829,0.3892751133554829,0.3892751133554829,0.3892751133554829,0.3892751133554829,0.3892751133554829,0.3892751133554829,0.3892751133554829,0.3892751133554829,0.3892751133554829,0.3892751133554829,0.3892751133554829,0.3892751133554829,0.3892751133554829,0.3892751133554829,0.3892751133554829,0.3892751133554829,0.3892751133554829,0.3892751133554829,0.3556365923887358,0.3556365923887358,0.3556365923887358,0.3556365923887358,0.3556365923887358,0.3556365923887358,0.3556365923887358,0.3556365923887358,0.3556365923887358,0.3549647881766667,0.3549647881766667,0.3549647881766667,0.3549647881766667,0.34973291182286925,0.34973291182286925,0.34973291182286925,0.34973291182286925,0.34973291182286925,0.3490131451150303,0.3490131451150303,0.3490131451150303,0.3470578603462701,0.3470578603462701,0.3470578603462701,0.3470578603462701,0.3470578603462701,0.3470578603462701,0.3470578603462701,0.3470578603462701,0.3470578603462701,0.3470578603462701,0.3470578603462701,0.3470578603462701,0.3470578603462701,0.3470578603462701,0.3470578603462701,0.3470578603462701
GA,MSE_ESI,0.7977523803710938,[0.33199464 0.12445343 0.89623814],0.8099383946118955,0.8099383946118955,0.8099383946118955,0.7929695547978458,0.7929695547978458,0.7367483770585073,0.681983471328011,0.596529525212101,0.4276391213406974,0.4276391213406974,0.4276391213406974,0.399579073029147,0.39785059853459753,0.39785059853459753,0.39785059853459753,0.39785059853459753,0.39785059853459753,0.39785059853459753,0.39785059853459753,0.39785059853459753,0.39785059853459753,0.39785059853459753,0.39785059853459753,0.39785059853459753,0.39785059853459753,0.39785059853459753,0.39785059853459753,0.39785059853459753,0.39785059853459753,0.39785059853459753,0.39785059853459753,0.39785059853459753,0.39785059853459753,0.39785059853459753,0.39785059853459753,0.39785059853459753,0.39785059853459753,0.39785059853459753,0.39785059853459753,0.37527142633802046,0.37527142633802046,0.37527142633802046,0.37527142633802046,0.37527142633802046,0.37527142633802046,0.37527142633802046,0.37527142633802046,0.35484059858913486,0.35484059858913486,0.35484059858913486,0.35484059858913486,0.35484059858913486,0.35484059858913486,0.3546888853654455,0.3546888853654455,0.3546888853654455,0.3546888853654455,0.3546888853654455,0.3546888853654455,0.3546888853654455,0.35433017247914594,0.35433017247914594,0.35433017247914594,0.35433017247914594,0.35433017247914594,0.35433017247914594,0.35433017247914594,0.35433017247914594,0.35433017247914594,0.35433017247914594,0.35433017247914594,0.35433017247914594,0.35433017247914594,0.35433017247914594,0.35433017247914594,0.35433017247914594,0.35433017247914594,0.35433017247914594,0.35433017247914594,0.35433017247914594
GA,MSE_ESI,0.897430419921875,[0.30701125 0.13474812 0.09789202],0.7111907424128204,0.6436851839136029,0.3506587004577451,0.3489685543309003,0.3489685543309003,0.3489685543309003,0.3465190503754499,0.3465190503754499,0.3465190503754499,0.3458979835935745,0.3458979835935745,0.3458979835935745,0.34450869146043733,0.34450869146043733,0.34450869146043733,0.34450869146043733,0.34450869146043733,0.34450869146043733,0.34450869146043733,0.34450869146043733,0.34450869146043733,0.34450869146043733,0.34450869146043733,0.34450869146043733,0.34450869146043733,0.34450869146043733,0.34450869146043733,0.34450869146043733,0.34450869146043733,0.34450869146043733,0.34450869146043733,0.34450869146043733,0.34450869146043733,0.34450869146043733,0.34450869146043733,0.34450869146043733,0.34450869146043733,0.34450869146043733,0.34450869146043733,0.34450869146043733,0.34450869146043733,0.34450869146043733,0.34447278139854604,0.34447278139854604,0.34447278139854604,0.34447278139854604,0.34447278139854604,0.34447278139854604,0.34447278139854604,0.34447278139854604,0.34447278139854604,0.34447278139854604,0.34447278139854604,0.34447278139854604,0.34447278139854604,0.34447278139854604,0.34447278139854604,0.34447278139854604,0.34447278139854604,0.34447278139854604,0.34447278139854604,0.34447278139854604,0.34447278139854604,0.34447278139854604,0.34447278139854604,0.34447278139854604,0.34447278139854604,0.34447278139854604,0.34447278139854604,0.34447278139854604,0.34447278139854604,0.34447278139854604,0.34447278139854604,0.34447278139854604,0.34447278139854604,0.34447278139854604,0.34447278139854604,0.34447278139854604,0.34442245116404624,0.34442245116404624
GA,MSE_ESI,0.9608919620513916,[0.32415499 0.13544563 0.00252901],1.4617368217980358,1.3029975764435555,0.4840116691499284,0.4840116691499284,0.4840116691499284,0.37159191785279116,0.37159191785279116,0.37159191785279116,0.37159191785279116,0.37159191785279116,0.35195863929042315,0.35195863929042315,0.35195863929042315,0.35195863929042315,0.35195863929042315,0.35195863929042315,0.35195863929042315,0.35195863929042315,0.35195863929042315,0.35195863929042315,0.35195863929042315,0.35195863929042315,0.35195863929042315,0.35195863929042315,0.35195863929042315,0.35195863929042315,0.35195863929042315,0.35195863929042315,0.35195863929042315,0.35195863929042315,0.35195863929042315,0.35195863929042315,0.35195863929042315,0.35195863929042315,0.35195863929042315,0.35195863929042315,0.35195863929042315,0.35195863929042315,0.35195863929042315,0.35195863929042315,0.35195863929042315,0.35195863929042315,0.35195863929042315,0.35195863929042315,0.3519039097425629,0.3519039097425629,0.3519039097425629,0.3519039097425629,0.3518491550639302,0.3518491550639302,0.3518491550639302,0.3518491550639302,0.3518491550639302,0.35076160847221427,0.35076160847221427,0.35076160847221427,0.3463855667839003,0.3463855667839003,0.3463855667839003,0.3463855667839003,0.3463855667839003,0.3463855667839003,0.3463855667839003,0.3463855667839003,0.3463855667839003,0.3463855667839003,0.3463855667839003,0.3463855667839003,0.3463855667839003,0.3463855667839003,0.3463855667839003,0.3463855667839003,0.3463855667839003,0.3463855667839003,0.3463855667839003,0.3463855667839003,0.3463855667839003,0.34547236810325604,0.34547236810325604,0.34547236810325604
MVO,MSE_ESI,0.8034586906433105,[0.3143216  0.13508752 0.04553895],2.398908760818855,1.2475228076010119,1.085062243920328,1.085062243920328,1.085062243920328,0.7530958306315745,0.7530958306315745,0.7530958306315745,0.5157843441053002,0.40177087732042693,0.40177087732042693,0.38110434996589476,0.38110434996589476,0.37899385875479724,0.37899385875479724,0.3746811095740863,0.3485939729698785,0.3485939729698785,0.3485650792335457,0.3482445775928656,0.3482445775928656,0.3482445775928656,0.3482445775928656,0.3482445775928656,0.3482445775928656,0.3482445775928656,0.3482445775928656,0.3482445775928656,0.3449124789625739,0.3449124789625739,0.3449124789625739,0.3449124789625739,0.3449124789625739,0.3449124789625739,0.3447771011070456,0.3447771011070456,0.3440659621275801,0.3440659621275801,0.3440659621275801,0.3440659621275801,0.3440659621275801,0.34398320440590496,0.34398320440590496,0.34398320440590496,0.34398320440590496,0.34398320440590496,0.34398320440590496,0.34398320440590496,0.34398320440590496,0.34398320440590496,0.34398320440590496,0.34398320440590496,0.34398320440590496,0.34398320440590496,0.34398320440590496,0.34398320440590496,0.34398320440590496,0.34398320440590496,0.34398320440590496,0.34398320440590496,0.34398320440590496,0.34398320440590496,0.34393845626356123,0.34393845626356123,0.34393845626356123,0.34389197472126387,0.34389197472126387,0.34383437520413523,0.34383437520413523,0.34383437520413523,0.34383102078876177,0.34383102078876177,0.34383102078876177,0.34383102078876177,0.34383102078876177,0.34383102078876177,0.34383102078876177,0.3438283196542712,0.3438283196542712,0.3438283196542712
MVO,MSE_ESI,0.8345179557800293,[0.31662405 0.13485527 0.04334942],4.29434167819458,2.0541909819030444,0.7415540979785902,0.5604295433285821,0.4479740698884997,0.4479740698884997,0.4479740698884997,0.4464189604599416,0.4399334946090616,0.4399334946090616,0.41026240224350413,0.41026240224350413,0.3940977298266488,0.3929105403527093,0.39223434716505934,0.39223434716505934,0.39223434716505934,0.39223434716505934,0.39223434716505934,0.39223434716505934,0.39223434716505934,0.39223434716505934,0.39223434716505934,0.39223434716505934,0.39223434716505934,0.39223434716505934,0.39223434716505934,0.39223434716505934,0.39223434716505934,0.39223434716505934,0.39223434716505934,0.39223434716505934,0.39223434716505934,0.39223434716505934,0.3833047660744939,0.3528268332360818,0.3495415774430272,0.3495415774430272,0.34660408314304064,0.34660408314304064,0.34660408314304064,0.34660408314304064,0.34660408314304064,0.34660408314304064,0.34660408314304064,0.34660408314304064,0.34660408314304064,0.34660408314304064,0.34660408314304064,0.34660408314304064,0.34660408314304064,0.34660408314304064,0.34660408314304064,0.34569442004478174,0.34569442004478174,0.34569442004478174,0.34569442004478174,0.34569442004478174,0.34569442004478174,0.34569442004478174,0.34569442004478174,0.34569442004478174,0.34569442004478174,0.34569442004478174,0.34569442004478174,0.3456817981156533,0.3451246598044009,0.3451246598044009,0.3451246598044009,0.3451246598044009,0.34398734063224806,0.34398734063224806,0.34398734063224806,0.34398734063224806,0.34398734063224806,0.34398734063224806,0.34391517640871055,0.34391517640871055,0.34391457124034047,0.34389020053513475
MVO,MSE_ESI,0.9958946704864502,[0.31710797 0.12835684 0.72953508],5.258349848041876,5.16263744551245,3.2094387145423227,1.586883029858557,1.2866427826414442,1.1290066736359823,0.4347530609430387,0.4341289445908312,0.4341289445908312,0.4341289445908312,0.4341289445908312,0.4341289445908312,0.41165502837278495,0.41165502837278495,0.41165502837278495,0.41165502837278495,0.41165502837278495,0.41165502837278495,0.35591827444879826,0.35591827444879826,0.35591827444879826,0.35591827444879826,0.35591827444879826,0.35591827444879826,0.35591827444879826,0.35523094747659617,0.35523094747659617,0.35523094747659617,0.35523094747659617,0.35035550225188966,0.34760216908133934,0.34760216908133934,0.34760216908133934,0.34760216908133934,0.34760216908133934,0.34760216908133934,0.34760216908133934,0.34760216908133934,0.34760216908133934,0.34760216908133934,0.34760216908133934,0.34760216908133934,0.34760216908133934,0.34760216908133934,0.34760216908133934,0.34760216908133934,0.34760216908133934,0.34750659693917635,0.34750659693917635,0.34750659693917635,0.34750659693917635,0.34750659693917635,0.34750659693917635,0.34750659693917635,0.34750659693917635,0.34750659693917635,0.34750659693917635,0.34750659693917635,0.34750659693917635,0.34750659693917635,0.34750659693917635,0.34750659693917635,0.34750659693917635,0.34750659693917635,0.34750659693917635,0.34750659693917635,0.34750659693917635,0.34742825412978345,0.34742825412978345,0.34740711451936007,0.34740711451936007,0.34727679875089545,0.34717925899753,0.34717925899753,0.34717925899753,0.34717925899753,0.34717925899753,0.34704027620651207,0.34704027620651207,0.34704027620651207
MVO,MSE_ESI,0.815565824508667,[0.31813413 0.12588872 0.96077658],2.9625642977402245,1.3158131934376907,1.2180146424850296,1.0368827954421425,1.0368827954421425,1.0368827954421425,0.9562730772610498,0.9511112266990985,0.9511112266990985,0.6621862863647252,0.4077851586711345,0.4077851586711345,0.40735388657727545,0.40735388657727545,0.3609424762751461,0.35482210185580804,0.35482210185580804,0.3541503763974625,0.3541503763974625,0.3541503763974625,0.3541503763974625,0.3541503763974625,0.3541503763974625,0.3541503763974625,0.3541503763974625,0.3541503763974625,0.3541503763974625,0.3541503763974625,0.3541503763974625,0.3541503763974625,0.3541503763974625,0.3541503763974625,0.3541503763974625,0.3541503763974625,0.3541503763974625,0.3541503763974625,0.35373382450339863,0.352445826538469,0.352445826538469,0.352445826538469,0.3512508135563769,0.3512508135563769,0.3512508135563769,0.3512508135563769,0.3512508135563769,0.3512508135563769,0.3512508135563769,0.3512508135563769,0.3512508135563769,0.3512508135563769,0.3512508135563769,0.3512508135563769,0.3512508135563769,0.3512508135563769,0.3512508135563769,0.3512508135563769,0.3512508135563769,0.35117865556914324,0.35117865556914324,0.35117865556914324,0.35117865556914324,0.35117865556914324,0.35117865556914324,0.35117865556914324,0.35117865556914324,0.35117865556914324,0.35117865556914324,0.35117865556914324,0.35117865556914324,0.35117865556914324,0.35117865556914324,0.35117865556914324,0.35117865556914324,0.35117865556914324,0.3507471363612888,0.3504586559634127,0.3504586559634127,0.3504586559634127,0.35036428886055604,0.3503368221420428
MVO,MSE_ESI,1.0004432201385498,[0.31613834 0.1328728  0.25240417],1.5467605100855188,1.5467605100855188,0.4097997589483918,0.4097997589483918,0.40869351903675266,0.390141248478399,0.390141248478399,0.390141248478399,0.390141248478399,0.390141248478399,0.390141248478399,0.390141248478399,0.390141248478399,0.390141248478399,0.390141248478399,0.390141248478399,0.390141248478399,0.390141248478399,0.390141248478399,0.390141248478399,0.38121383917973234,0.38121383917973234,0.3688279350816135,0.3688279350816135,0.3619849717189635,0.3619849717189635,0.3619849717189635,0.3619849717189635,0.3619849717189635,0.3619849717189635,0.3612120753803909,0.35207193666679276,0.35207193666679276,0.3520349642567319,0.3520349642567319,0.3520349642567319,0.3520349642567319,0.3520349642567319,0.3520349642567319,0.3520349642567319,0.3520349642567319,0.3520349642567319,0.3520349642567319,0.3520349642567319,0.3520349642567319,0.3477820697315635,0.34675532386892455,0.34675532386892455,0.34675532386892455,0.34631180006506374,0.34607042213902733,0.34607042213902733,0.34607042213902733,0.34607042213902733,0.34596309141088594,0.34596309141088594,0.34596309141088594,0.34596309141088594,0.34513031998561644,0.34513031998561644,0.34513031998561644,0.34379887811579096,0.34379887811579096,0.34379887811579096,0.34379887811579096,0.34379887811579096,0.34379887811579096,0.34379887811579096,0.34379887811579096,0.34379887811579096,0.34379887811579096,0.34379887811579096,0.34379887811579096,0.34379887811579096,0.34379887811579096,0.34379887811579096,0.34379887811579096,0.34379887811579096,0.34379887811579096,0.3437647772047551
MVO,MSE_ESI,0.834578275680542,[0.31700123 0.12961539 0.57936083],0.39272852418318716,0.39272852418318716,0.3825232265339856,0.3825232265339856,0.3825232265339856,0.3825232265339856,0.3825232265339856,0.3825232265339856,0.3825232265339856,0.3704533748758887,0.3704533748758887,0.36253776420218214,0.36253776420218214,0.35122724817124046,0.35122724817124046,0.35122724817124046,0.35122724817124046,0.3474792637732185,0.3474792637732185,0.3474792637732185,0.3474792637732185,0.3474792637732185,0.3474792637732185,0.3474792637732185,0.3474792637732185,0.3474792637732185,0.3474792637732185,0.34746256398650854,0.34746256398650854,0.34746256398650854,0.34746256398650854,0.34746256398650854,0.34746256398650854,0.34746256398650854,0.34746256398650854,0.34746256398650854,0.34746256398650854,0.34746256398650854,0.34746256398650854,0.34746256398650854,0.34746256398650854,0.34746256398650854,0.34746256398650854,0.34746256398650854,0.34636805221363154,0.34636805221363154,0.34636805221363154,0.34636805221363154,0.34636805221363154,0.34636805221363154,0.34636805221363154,0.34636805221363154,0.34636805221363154,0.34636805221363154,0.34636805221363154,0.34636805221363154,0.34636805221363154,0.34636805221363154,0.34636805221363154,0.34636805221363154,0.34636805221363154,0.34636805221363154,0.34636805221363154,0.34636805221363154,0.34636805221363154,0.34636805221363154,0.34636805221363154,0.34636805221363154,0.34636805221363154,0.34636805221363154,0.34636805221363154,0.34636805221363154,0.34636805221363154,0.34636805221363154,0.34636805221363154,0.3460783424133521,0.34559817936079507,0.34559817936079507,0.34553331874246324,0.3454940891789886
MVO,MSE_ESI,0.9013767242431641,[0.31841325 0.12900142 0.64369096],1.163066918550571,0.46603170422301987,0.46603170422301987,0.46603170422301987,0.46603170422301987,0.46603170422301987,0.46603170422301987,0.45122165886567306,0.45122165886567306,0.45122165886567306,0.45122165886567306,0.45122165886567306,0.45122165886567306,0.45122165886567306,0.45122165886567306,0.44342240891898427,0.44342240891898427,0.42468146260903455,0.41004328680508634,0.3911764261340416,0.3911764261340416,0.3911764261340416,0.3911764261340416,0.3885192681143293,0.3885192681143293,0.3885192681143293,0.3885192681143293,0.3885192681143293,0.370044965305483,0.365101601099775,0.365101601099775,0.3507126267653811,0.3507126267653811,0.34811599924684256,0.3475820188286994,0.3475820188286994,0.3475820188286994,0.3475820188286994,0.3475820188286994,0.3475820188286994,0.3475820188286994,0.3475820188286994,0.3475820188286994,0.3475820188286994,0.3473262997418827,0.3473262997418827,0.3473262997418827,0.34642013488985357,0.34642013488985357,0.34642013488985357,0.34642013488985357,0.34642013488985357,0.34642013488985357,0.34642013488985357,0.34642013488985357,0.346331029943441,0.346331029943441,0.346331029943441,0.346331029943441,0.346331029943441,0.346331029943441,0.346331029943441,0.346331029943441,0.346331029943441,0.346331029943441,0.346331029943441,0.346331029943441,0.346331029943441,0.346331029943441,0.346331029943441,0.346331029943441,0.346331029943441,0.346331029943441,0.346331029943441,0.346331029943441,0.346331029943441,0.34627244845081406,0.34627244845081406,0.34616144073830213,0.34611670210534634
MVO,MSE_ESI,0.8868389129638672,[0.31689853 0.12827147 0.71381307],5.279316291882742,3.655022855280954,3.640397124692438,1.7503465256473185,0.9111530688564548,0.852218187195086,0.852218187195086,0.8040312838353358,0.5327196930950646,0.4661281544852424,0.4661281544852424,0.4661281544852424,0.44539086717217974,0.3498859588176514,0.3498859588176514,0.3498859588176514,0.3498859588176514,0.3498859588176514,0.3498859588176514,0.349737582297801,0.349737582297801,0.349737582297801,0.349737582297801,0.349737582297801,0.349737582297801,0.349737582297801,0.349737582297801,0.349737582297801,0.349737582297801,0.349737582297801,0.349737582297801,0.349737582297801,0.349737582297801,0.349737582297801,0.34972660204635425,0.34972660204635425,0.34972660204635425,0.34972660204635425,0.34972660204635425,0.34972660204635425,0.34972660204635425,0.34972660204635425,0.34972660204635425,0.34972660204635425,0.34972660204635425,0.3495705500722161,0.3495705500722161,0.3495705500722161,0.3495705500722161,0.3495705500722161,0.3495705500722161,0.3495705500722161,0.3477876320249865,0.3477876320249865,0.3477876320249865,0.3477876320249865,0.3477876320249865,0.3477876320249865,0.3477876320249865,0.3476741900503163,0.3476741900503163,0.3476741900503163,0.3476741900503163,0.3476741900503163,0.3476741900503163,0.34690048130063705,0.34690048130063705,0.34690048130063705,0.34690048130063705,0.34690048130063705,0.34690048130063705,0.34690048130063705,0.34690048130063705,0.34690048130063705,0.34690048130063705,0.34690048130063705,0.34690048130063705,0.34690048130063705,0.34689877961140897,0.34686649999595925
MVO,MSE_ESI,0.7893548011779785,[0.31485688 0.13416248 0.12838835],0.9249479300242321,0.4323179197144253,0.4323179197144253,0.3859942006648486,0.3859942006648486,0.3859942006648486,0.3859942006648486,0.3859942006648486,0.3859942006648486,0.3859942006648486,0.3859942006648486,0.3859942006648486,0.3859942006648486,0.3859942006648486,0.3859942006648486,0.3859942006648486,0.3859942006648486,0.3859942006648486,0.3859942006648486,0.3859942006648486,0.3859942006648486,0.3859942006648486,0.3859942006648486,0.3859942006648486,0.3859942006648486,0.38547486232262457,0.38547486232262457,0.3707287748548694,0.3707287748548694,0.3707287748548694,0.3707287748548694,0.3707287748548694,0.3707287748548694,0.3556603201548462,0.34898915780480333,0.34898915780480333,0.34898915780480333,0.34898915780480333,0.3466365928939078,0.3466365928939078,0.3466365928939078,0.34605640369419544,0.34605640369419544,0.34605640369419544,0.34605640369419544,0.34605640369419544,0.34605640369419544,0.34381764897717043,0.34381764897717043,0.34381764897717043,0.34381764897717043,0.34381764897717043,0.34381764897717043,0.34381764897717043,0.34381764897717043,0.34381764897717043,0.34381764897717043,0.34381764897717043,0.34381764897717043,0.34381764897717043,0.34381764897717043,0.34376333101440476,0.34376333101440476,0.34376333101440476,0.34376333101440476,0.34376333101440476,0.34376333101440476,0.34376333101440476,0.34376333101440476,0.34376333101440476,0.34376333101440476,0.3436843603194646,0.3436807483211472,0.3436807483211472,0.3436807483211472,0.3436807483211472,0.3436807483211472,0.3436807483211472,0.3436807483211472,0.3436807483211472
MVO,MSE_ESI,0.9027161598205566,[0.31747432 0.12860099 0.69971089],0.5835441561540151,0.5835441561540151,0.4767033325568211,0.4767033325568211,0.4326157777361357,0.4326157777361357,0.4279947883648998,0.4279947883648998,0.4279947883648998,0.4279947883648998,0.4279947883648998,0.4279947883648998,0.4279947883648998,0.4279947883648998,0.4279947883648998,0.4279947883648998,0.4279947883648998,0.4279947883648998,0.4279947883648998,0.4279947883648998,0.37234261056248047,0.37234261056248047,0.37234261056248047,0.3656606129828336,0.3656606129828336,0.35414475104896465,0.35414475104896465,0.35414475104896465,0.35414475104896465,0.35356285076094685,0.35356285076094685,0.3498184809564903,0.3498184809564903,0.34949836064269496,0.3481774565010109,0.3481774565010109,0.3481774565010109,0.3481421052864766,0.3481421052864766,0.3481421052864766,0.3481421052864766,0.3481421052864766,0.34790929254416925,0.34790929254416925,0.34790929254416925,0.34790929254416925,0.34790929254416925,0.34790929254416925,0.34790929254416925,0.34790929254416925,0.34790929254416925,0.34786805895327105,0.34709958975666805,0.34709958975666805,0.34709958975666805,0.34709958975666805,0.34709958975666805,0.34709958975666805,0.34709958975666805,0.34709958975666805,0.34709958975666805,0.34709958975666805,0.34709958975666805,0.34709958975666805,0.34709958975666805,0.34709958975666805,0.34709958975666805,0.34709958975666805,0.34709958975666805,0.3469618554981318,0.3467742894330815,0.3467742894330815,0.3467742894330815,0.3467742894330815,0.3467742894330815,0.3467742894330815,0.3467742894330815,0.3467742894330815,0.3467742894330815,0.34669121268987324
MVO,MSE_ESI,0.7806155681610107,[0.31792068 0.12816305 0.7179275 ],1.1674782256174807,0.5630679792931759,0.4975123402489404,0.4975123402489404,0.4612527528318607,0.4612527528318607,0.444328349123104,0.43516673387662363,0.41463099573113854,0.41463099573113854,0.4107109293128695,0.4107109293128695,0.4081990466379137,0.4081990466379137,0.4081990466379137,0.4038914865646569,0.38462632345331105,0.3751812060788701,0.3751812060788701,0.3751812060788701,0.3751812060788701,0.3751812060788701,0.36905105854084924,0.3532133138431709,0.3532133138431709,0.3532133138431709,0.3500222610221999,0.3500222610221999,0.3500222610221999,0.3500222610221999,0.3500222610221999,0.3500222610221999,0.3500222610221999,0.3500222610221999,0.3500222610221999,0.3471636315215919,0.3471636315215919,0.3471636315215919,0.3471636315215919,0.3471636315215919,0.3471636315215919,0.3471636315215919,0.3471636315215919,0.3470725638908569,0.3470725638908569,0.3470725638908569,0.3470725638908569,0.3470725638908569,0.3470725638908569,0.3470725638908569,0.3470725638908569,0.3470725638908569,0.3470725638908569,0.3470725638908569,0.3470725638908569,0.3470725638908569,0.3470725638908569,0.3470725638908569,0.3470725638908569,0.3470725638908569,0.3470725638908569,0.3470725638908569,0.3470725638908569,0.3470725638908569,0.3470725638908569,0.3470725638908569,0.34705634612788433,0.34705634612788433,0.34705634612788433,0.34705634612788433,0.34705634612788433,0.34693630598927755,0.34693630598927755,0.34693630598927755,0.34693630598927755,0.34693630598927755,0.34693630598927755,0.34692584998262865,0.34692584998262865,0.34692584998262865
MVO,MSE_ESI,0.7704253196716309,[0.31684923 0.12867039 0.66790606],0.3591086564878481,0.34718408374997956,0.3470623367651301,0.3470623367651301,0.3470623367651301,0.3470623367651301,0.3470623367651301,0.3470623367651301,0.3470623367651301,0.3470623367651301,0.3470623367651301,0.3470623367651301,0.3470623367651301,0.3470623367651301,0.3470623367651301,0.3470623367651301,0.3470623367651301,0.3470623367651301,0.3470623367651301,0.3470623367651301,0.3470623367651301,0.3470623367651301,0.3470623367651301,0.3470623367651301,0.3470623367651301,0.3470623367651301,0.3470623367651301,0.3470623367651301,0.3470623367651301,0.3470623367651301,0.3470623367651301,0.34705092885381245,0.34705092885381245,0.34705092885381245,0.34705092885381245,0.34705092885381245,0.34705092885381245,0.34705092885381245,0.34705092885381245,0.34705092885381245,0.34705092885381245,0.34705092885381245,0.34704312440825147,0.34704312440825147,0.34704312440825147,0.34704312440825147,0.34704312440825147,0.34704312440825147,0.34704312440825147,0.34704312440825147,0.34704312440825147,0.34704312440825147,0.34703105287988345,0.34703105287988345,0.34703105287988345,0.34703105287988345,0.34703105287988345,0.34703105287988345,0.34703105287988345,0.34703105287988345,0.34703105287988345,0.34703105287988345,0.34703105287988345,0.34703105287988345,0.34703105287988345,0.34703105287988345,0.34703105287988345,0.34703105287988345,0.34703105287988345,0.34703105287988345,0.34703105287988345,0.34703105287988345,0.34703105287988345,0.34703105287988345,0.34703105287988345,0.34639631800443454,0.34639631800443454,0.34639631800443454,0.34639631800443454,0.3463726457082982
MVO,MSE_ESI,0.8560950756072998,[0.31559294 0.13398152 0.14537177],0.35905838542168333,0.35905838542168333,0.35905838542168333,0.35350318191151703,0.35350318191151703,0.35350318191151703,0.35350318191151703,0.35350318191151703,0.35350318191151703,0.3508582188740675,0.3508582188740675,0.34934253850076696,0.34934253850076696,0.34934253850076696,0.34934253850076696,0.34934253850076696,0.34934253850076696,0.34934253850076696,0.34670647948182637,0.34670647948182637,0.34670647948182637,0.34670647948182637,0.346675700455208,0.346675700455208,0.346675700455208,0.346675700455208,0.346675700455208,0.346675700455208,0.34521236396097993,0.34521236396097993,0.34521236396097993,0.34521236396097993,0.34521236396097993,0.3450123599495987,0.34386723969613486,0.3438500745567086,0.3438500745567086,0.3438500745567086,0.3438500745567086,0.3438500745567086,0.3438500745567086,0.3438500745567086,0.3438500745567086,0.3438500745567086,0.3438500745567086,0.3438500745567086,0.34382726716469564,0.34382726716469564,0.34382726716469564,0.3438258637260377,0.3438258637260377,0.3438258637260377,0.3438258637260377,0.3438258637260377,0.3438258637260377,0.3438258637260377,0.3438258637260377,0.3438258637260377,0.3438258637260377,0.3438258637260377,0.3438258637260377,0.3438258637260377,0.3438258637260377,0.3438258637260377,0.3438258637260377,0.3438258637260377,0.3438258637260377,0.3438258637260377,0.3438258637260377,0.3438258637260377,0.3437631910425878,0.3437631910425878,0.3437631910425878,0.3437631910425878,0.3436915855969281,0.3436915855969281,0.3436915855969281,0.3436915855969281,0.343682998789367,0.343682998789367
MVO,MSE_ESI,0.8537921905517578,[0.31400242 0.13515416 0.01977254],0.9141322374943294,0.9141322374943294,0.9067496037081509,0.6390289247507435,0.578805213169598,0.578805213169598,0.37763608927391956,0.37763608927391956,0.367013003878534,0.367013003878534,0.367013003878534,0.367013003878534,0.3659727862223679,0.3659727862223679,0.3529715301632879,0.3529715301632879,0.3515357351527623,0.3515357351527623,0.3515357351527623,0.3515357351527623,0.3515357351527623,0.3515357351527623,0.3515357351527623,0.3515357351527623,0.3515357351527623,0.3515357351527623,0.3515357351527623,0.3515357351527623,0.3515357351527623,0.3515357351527623,0.3515357351527623,0.3515357351527623,0.3515357351527623,0.3515357351527623,0.3515357351527623,0.3515357351527623,0.3515357351527623,0.35024404659155106,0.3465711223944447,0.3465711223944447,0.3454053510664827,0.3452770482606442,0.3452770482606442,0.3452770482606442,0.3452770482606442,0.3452770482606442,0.3452770482606442,0.3452770482606442,0.3452770482606442,0.3452770482606442,0.3452770482606442,0.3452770482606442,0.3452770482606442,0.3452770482606442,0.3452770482606442,0.3452770482606442,0.3452770482606442,0.3452770482606442,0.3452770482606442,0.3452770482606442,0.3452770482606442,0.3451150616830633,0.3451150616830633,0.3451150616830633,0.3451150616830633,0.3451150616830633,0.3451150616830633,0.3451150616830633,0.34496171017024674,0.34496171017024674,0.34496171017024674,0.3447022463119605,0.3447022463119605,0.34448034525069515,0.34448034525069515,0.3442272675566002,0.3440574700806044,0.34389713281305234,0.34389713281305234,0.34387992538439394
MVO,MSE_ESI,0.9417965412139893,[0.31778413 0.12732657 0.80525184],3.199518033998368,1.443195637901923,1.443195637901923,1.443195637901923,0.7919071207815345,0.7919071207815345,0.7765772016672567,0.6262825077759225,0.6064807039904773,0.40573161564016574,0.40573161564016574,0.40573161564016574,0.40573161564016574,0.40573161564016574,0.395209010421741,0.395209010421741,0.37261179503277686,0.37261179503277686,0.3689066846707837,0.3689066846707837,0.3689066846707837,0.3689066846707837,0.348319299935073,0.348319299935073,0.348319299935073,0.348319299935073,0.348319299935073,0.348319299935073,0.348319299935073,0.348319299935073,0.348319299935073,0.34829698776489476,0.3482784279636631,0.3482784279636631,0.3482784279636631,0.3482784279636631,0.3482784279636631,0.3482784279636631,0.3482784279636631,0.3482784279636631,0.3482784279636631,0.3482784279636631,0.3482784279636631,0.3482784279636631,0.3482784279636631,0.3482784279636631,0.3482784279636631,0.3482784279636631,0.3482784279636631,0.3482784279636631,0.3482784279636631,0.3482784279636631,0.3482784279636631,0.3482784279636631,0.3482784279636631,0.3482784279636631,0.3482784279636631,0.3482784279636631,0.3482784279636631,0.3482784279636631,0.3482784279636631,0.3482784279636631,0.3482784279636631,0.3482784279636631,0.3482784279636631,0.3482784279636631,0.3482784279636631,0.3482784279636631,0.3482784279636631,0.3482784279636631,0.3482784279636631,0.3482784279636631,0.3482784279636631,0.3482784279636631,0.3482784279636631,0.3482695831487753,0.34813909230503787,0.3480503020371522,0.3480503020371522,0.3480143425779033
DE,MSE_ESI,0.890249490737915,[0.31473914 0.13380648 0.16202217],0.5324132983186104,0.5324132983186104,0.5324132983186104,0.5324132983186104,0.4184247453130033,0.4184247453130033,0.38727950502110836,0.38142872791912313,0.34999528686029496,0.34999528686029496,0.34999528686029496,0.34999528686029496,0.34999528686029496,0.34421298710799864,0.34421298710799864,0.34381588544753977,0.34381588544753977,0.34381588544753977,0.3437039519070195,0.3437039519070195,0.3437039519070195,0.3437039519070195,0.3437039519070195,0.3437039519070195,0.34367862632918816,0.34367862632918816,0.34367862632918816,0.343678475782833,0.343678475782833,0.343678475782833,0.343678475782833,0.3436746474602734,0.3436746474602734,0.34367412048679435,0.34367412048679435,0.34367412048679435,0.3436687579678524,0.34366786533547394,0.34366786533547394,0.34366786533547394,0.3436674958112542,0.3436674958112542,0.3436674958112542,0.3436670610386648,0.3436670610386648,0.3436670610386648,0.3436667677536232,0.3436667543760855,0.3436667543760855,0.3436667543760855,0.3436667543760855,0.3436667543760855,0.34366675285695175,0.34366675285695175,0.34366675285695175,0.34366675285695175,0.34366675285695175,0.34366675240282074,0.34366675240282074,0.34366675240282074,0.34366675240282074,0.34366675240282074,0.34366675240282074,0.34366675240282074,0.3436667478831414,0.3436667478831414,0.3436667463143943,0.3436667463143943,0.3436667463143943,0.3436667463143943,0.3436667463143943,0.3436667455191773,0.3436667455191773,0.3436667455191773,0.3436667455191773,0.3436667455191773,0.3436667455191773,0.3436667455191773,0.3436667455191773,0.3436667455191773
DE,MSE_ESI,0.8189020156860352,[0.31473575 0.13380817 0.16184634],0.5068437171202546,0.5068437171202546,0.5068437171202546,0.5068437171202546,0.5068437171202546,0.42398202473799856,0.42398202473799856,0.41904169913851536,0.4035353743855682,0.3690572614067681,0.3523434106523548,0.3523434106523548,0.3501017103511643,0.3482642681404518,0.3482642681404518,0.3446649343315247,0.3446649343315247,0.3446649343315247,0.3446649343315247,0.3446649343315247,0.3446649343315247,0.3446649343315247,0.3444183249792162,0.3443479586754614,0.3441803824240193,0.3441803824240193,0.3438751365664001,0.34380725126589606,0.34380725126589606,0.34380725126589606,0.34380725126589606,0.34380415113689,0.34368034938435005,0.34368034938435005,0.34368034938435005,0.34368034938435005,0.34368034938435005,0.3436785757590904,0.3436703752947203,0.3436671628472707,0.3436671628472707,0.3436671628472707,0.3436671628472707,0.3436671628472707,0.3436671628472707,0.3436671628472707,0.3436671628472707,0.3436671628472707,0.3436671628472707,0.34366698551920977,0.34366698551920977,0.34366698551920977,0.3436668422381084,0.3436668422381084,0.3436668422381084,0.34366678058861777,0.34366678058861777,0.34366678058861777,0.34366678058861777,0.34366676704201954,0.3436667549003673,0.3436667549003673,0.3436667549003673,0.3436667549003673,0.3436667541645322,0.3436667541645322,0.3436667541645322,0.3436667541645322,0.34366675003444114,0.34366674615003606,0.34366674551584087,0.34366674551584087,0.34366674551584087,0.34366674551584087,0.34366674551584087,0.34366674551584087,0.34366674551584087,0.34366674532360747,0.34366674532360747,0.34366674532360747
DE,MSE_ESI,0.7764508724212646,[0.31473902 0.13380674 0.16197152],4.163082799589279,4.163082799589279,4.163082799589279,3.34628598904337,1.9370032654260785,1.9370032654260785,1.0096311178617674,1.0064934693228191,0.43875835266101404,0.43875835266101404,0.37886559381409957,0.3563928659542118,0.3563928659542118,0.3563928659542118,0.3563928659542118,0.3457529269299661,0.3457529269299661,0.3457529269299661,0.3457529269299661,0.3457529269299661,0.3457529269299661,0.3457529269299661,0.3455838363039002,0.3455838363039002,0.34519555267364094,0.3442397517539693,0.3441564589394319,0.3441564589394319,0.3438517154351223,0.3438517154351223,0.3437644802240006,0.3437327507263588,0.3437327507263588,0.34372028816109135,0.34372028816109135,0.34372028816109135,0.34368107269093673,0.34368107269093673,0.34368107269093673,0.34368107269093673,0.34368107269093673,0.3436701921220944,0.3436701921220944,0.3436689398969545,0.3436689398969545,0.34366884884873544,0.343668207852719,0.34366695047129214,0.34366695047129214,0.34366695047129214,0.3436667904450889,0.34366678984561755,0.34366678984561755,0.34366678984561755,0.34366678984561755,0.34366678984561755,0.34366678984561755,0.34366678984561755,0.34366678984561755,0.3436667805130737,0.3436667645901268,0.34366675612798037,0.34366674908844114,0.3436667484610151,0.3436667484610151,0.3436667484610151,0.34366674704934863,0.34366674704934863,0.34366674704934863,0.34366674704934863,0.34366674704934863,0.34366674573516076,0.34366674573516076,0.34366674573516076,0.34366674573516076,0.34366674534682484,0.34366674534682484,0.34366674534682484,0.34366674534682484,0.34366674534682484
DE,MSE_ESI,0.7958354949951172,[0.31473314 0.1338086  0.16176854],1.1602097320742457,1.1602097320742457,1.1602097320742457,0.4988385688453937,0.4988385688453937,0.4988385688453937,0.4988385688453937,0.4988385688453937,0.38254723429173904,0.38254723429173904,0.38254723429173904,0.38254723429173904,0.36491262077365977,0.36491262077365977,0.36491262077365977,0.3530649289419978,0.3484810866895502,0.3484810866895502,0.3484810866895502,0.3484810866895502,0.343984029413648,0.343984029413648,0.343984029413648,0.343984029413648,0.3438833948605565,0.3438833948605565,0.3438833948605565,0.3438833948605565,0.3438833948605565,0.3438833948605565,0.34368851609703766,0.34368851609703766,0.34368851609703766,0.34368851609703766,0.34368851609703766,0.34368851609703766,0.3436866124947391,0.3436716722934602,0.3436716722934602,0.3436716722934602,0.3436716722934602,0.34366732003657274,0.34366732003657274,0.34366732003657274,0.34366732003657274,0.34366732003657274,0.34366732003657274,0.34366732003657274,0.34366732003657274,0.3436671209660697,0.3436671209660697,0.3436671209660697,0.34366682465741866,0.34366682465741866,0.34366681888127276,0.34366681382514713,0.34366677618817965,0.34366677618817965,0.34366677618817965,0.34366677618817965,0.34366677618817965,0.34366674828672805,0.34366674828672805,0.34366674828672805,0.34366674828672805,0.34366674828672805,0.34366674828672805,0.34366674828672805,0.34366674828672805,0.34366674650030693,0.34366674650030693,0.34366674650030693,0.34366674650030693,0.34366674650030693,0.34366674650030693,0.34366674650030693,0.34366674650030693,0.34366674650030693,0.34366674650030693,0.34366674571623873
DE,MSE_ESI,0.8703680038452148,[0.31474202 0.13380599 0.16205859],1.6252145894216117,1.6252145894216117,0.5241949180866096,0.5241949180866096,0.4953818832440803,0.46318262255747084,0.4284191840525686,0.3822847452170842,0.3822847452170842,0.37914783433618326,0.37914783433618326,0.3627364061675584,0.35878327593318077,0.3510617687720033,0.3445747951733486,0.3445747951733486,0.3445747951733486,0.34440623886243943,0.34440623886243943,0.34440623886243943,0.34440623886243943,0.34378202583486794,0.34378202583486794,0.34378202583486794,0.34378202583486794,0.34373166925465215,0.34373166925465215,0.34373166925465215,0.34373166925465215,0.3436837893190464,0.3436837893190464,0.3436837893190464,0.3436837893190464,0.3436837893190464,0.3436837893190464,0.3436825165148802,0.34367133015770324,0.34367133015770324,0.34367133015770324,0.34367133015770324,0.34367133015770324,0.34367133015770324,0.34367133015770324,0.3436705349725937,0.3436690308888605,0.3436690308888605,0.3436690308888605,0.34366898128521955,0.34366816729845556,0.34366689923205884,0.34366689923205884,0.34366689923205884,0.34366689923205884,0.34366689923205884,0.34366689923205884,0.3436667661014901,0.3436667661014901,0.3436667661014901,0.3436667661014901,0.3436667661014901,0.3436667661014901,0.3436667661014901,0.3436667661014901,0.3436667661014901,0.3436667595532069,0.3436667595532069,0.3436667595532069,0.34366675933701796,0.3436667578164658,0.34366675763736776,0.34366674996064406,0.34366674996064406,0.34366674996064406,0.34366674876382075,0.34366674876382075,0.3436667473806679,0.3436667473806679,0.34366674657379404,0.34366674657379404,0.3436667457650937
DE,MSE_ESI,0.823394775390625,[0.31473861 0.13380717 0.16192938],2.0126156173421066,1.6371799359486607,0.9028984957996196,0.9028984957996196,0.9028984957996196,0.6909245133384928,0.6909245133384928,0.6909245133384928,0.3825157747410985,0.3700339144068087,0.34716519366591053,0.3455653060502966,0.34456229922422626,0.34456229922422626,0.34456229922422626,0.3441454822619887,0.3441454822619887,0.3441454822619887,0.3438638785596031,0.3437581461556324,0.3437581461556324,0.3437581461556324,0.3437581461556324,0.3437131081085905,0.3437131081085905,0.3437131081085905,0.3436848159137969,0.3436848159137969,0.3436848159137969,0.3436848159137969,0.34366913597876275,0.34366913597876275,0.34366913597876275,0.34366913597876275,0.34366913597876275,0.3436682649675163,0.34366714638696233,0.34366714638696233,0.34366714638696233,0.3436670556215749,0.3436669641890314,0.34366691237649477,0.34366691237649477,0.34366691237649477,0.3436668976784105,0.34366689016299434,0.34366683331752956,0.34366681044488306,0.34366675545463976,0.34366675545463976,0.34366675545463976,0.34366675545463976,0.34366675545463976,0.34366675545463976,0.34366675545463976,0.34366675545463976,0.34366675545463976,0.34366675545463976,0.3436667526739788,0.3436667526739788,0.3436667526739788,0.343666750546155,0.343666750546155,0.3436667478731103,0.34366674686940574,0.34366674686940574,0.3436667458003164,0.3436667458003164,0.3436667458003164,0.34366674554770493,0.3436667455389315,0.34366674553045146,0.34366674553045146,0.34366674529305885,0.34366674529305885,0.34366674529305885,0.34366674529305885,0.34366674528855573,0.34366674528855573,0.3436667452822829
DE,MSE_ESI,0.830183744430542,[0.31473735 0.13380842 0.16181163],0.8789476760167769,0.6029482506926734,0.6029482506926734,0.6029482506926734,0.4878260693207251,0.36015021646890333,0.36015021646890333,0.36015021646890333,0.36015021646890333,0.36015021646890333,0.36015021646890333,0.36015021646890333,0.36015021646890333,0.36015021646890333,0.35614674941274466,0.35614674941274466,0.35125956252020585,0.3456364067223532,0.3456364067223532,0.3446601677966988,0.3446601677966988,0.3437254629734775,0.3437254629734775,0.3437254629734775,0.3437254629734775,0.3437254629734775,0.3437254629734775,0.3437254629734775,0.34368419775858183,0.34368419775858183,0.34368419775858183,0.34368419775858183,0.3436778927166573,0.34367309192842954,0.34367309192842954,0.3436730010321467,0.3436730010321467,0.343672957313738,0.34367017912180375,0.3436694104665793,0.3436694104665793,0.34366689415010176,0.34366689415010176,0.34366689415010176,0.34366689415010176,0.34366689415010176,0.34366689415010176,0.34366689415010176,0.34366689415010176,0.34366689415010176,0.3436668206419498,0.3436668206419498,0.3436668206419498,0.3436668018536243,0.3436668018536243,0.3436668018536243,0.3436667987873507,0.3436667987873507,0.3436667987873507,0.3436667535160932,0.3436667535160932,0.3436667535160932,0.3436667535160932,0.3436667472008405,0.3436667472008405,0.3436667472008405,0.3436667472008405,0.3436667472008405,0.3436667472008405,0.3436667462261326,0.34366674589676793,0.34366674589676793,0.34366674530907243,0.34366674530907243,0.34366674530907243,0.34366674530907243,0.34366674530907243,0.34366674530907243,0.34366674530907243,0.34366674530907243
DE,MSE_ESI,0.9009170532226562,[0.31473701 0.13380712 0.16198587],1.1734645226137979,1.1734645226137979,0.3601318170019589,0.3601318170019589,0.3601318170019589,0.3601318170019589,0.3601318170019589,0.3523198135407906,0.3492316784532324,0.3492316784532324,0.34708584286948974,0.34708584286948974,0.34708584286948974,0.34693058542845395,0.34693058542845395,0.34693058542845395,0.3467974653023408,0.34483240235840856,0.34441296242774927,0.34441296242774927,0.34419390270905265,0.34419390270905265,0.34400500765326936,0.34400500765326936,0.34400500765326936,0.34372007360954426,0.34372007360954426,0.34372007360954426,0.34372007360954426,0.34372007360954426,0.34372007360954426,0.34369438727414864,0.34369202616963046,0.34369202616963046,0.34368254576289275,0.34368254576289275,0.34368254576289275,0.343678211069967,0.343678211069967,0.3436739333947011,0.343673710186892,0.3436676640253648,0.3436676640253648,0.3436676640253648,0.3436676640253648,0.3436676640253648,0.3436676640253648,0.3436676640253648,0.3436676640253648,0.3436676640253648,0.3436668601399858,0.3436668601399858,0.3436668601399858,0.3436668601399858,0.3436668601399858,0.3436668055363233,0.3436668055363233,0.3436668055363233,0.3436668055363233,0.3436667736270263,0.3436667736270263,0.3436667736270263,0.3436667736270263,0.3436667736270263,0.3436667736270263,0.3436667736270263,0.3436667736270263,0.34366675934321006,0.34366675138344366,0.3436667488094862,0.3436667488094862,0.3436667488094862,0.3436667488094862,0.3436667488094862,0.34366674600092345,0.34366674582823176,0.3436667455787455,0.3436667455787455,0.3436667455787455,0.3436667455787455
DE,MSE_ESI,0.9085705280303955,[0.31473779 0.1338079  0.16186607],0.8283386395076598,0.8283386395076598,0.8283386395076598,0.8283386395076598,0.3640451154053818,0.3481223243122921,0.3481223243122921,0.3481223243122921,0.3481223243122921,0.3481223243122921,0.34556136883881966,0.34556136883881966,0.34556136883881966,0.34556136883881966,0.34544494086028227,0.34527521119641374,0.34527521119641374,0.34527521119641374,0.34527521119641374,0.3439001747907741,0.3437651296914342,0.34376304197558855,0.34376304197558855,0.3436811150077613,0.3436811150077613,0.3436811150077613,0.3436811150077613,0.3436811150077613,0.3436811150077613,0.3436748202479944,0.3436748202479944,0.3436748202479944,0.3436748202479944,0.3436748202479944,0.3436748202479944,0.3436748202479944,0.3436748202479944,0.3436748202479944,0.3436748202479944,0.34366909019539904,0.34366909019539904,0.34366909019539904,0.34366909019539904,0.34366909019539904,0.34366909019539904,0.34366909019539904,0.3436686694534026,0.3436686694534026,0.3436667733420005,0.3436667733420005,0.3436667733420005,0.3436667733420005,0.3436667733420005,0.3436667733420005,0.3436667733420005,0.3436667733420005,0.3436667733420005,0.3436667701282614,0.3436667701282614,0.3436667701282614,0.34366675613842473,0.34366675613842473,0.34366675613842473,0.34366675613842473,0.34366675613842473,0.34366675613842473,0.34366675613842473,0.3436667518839995,0.3436667518839995,0.34366674742359704,0.3436667465544659,0.3436667465544659,0.3436667465544659,0.3436667461037658,0.3436667461037658,0.3436667452656,0.3436667452656,0.3436667452656,0.3436667452656,0.3436667452656
DE,MSE_ESI,0.7773802280426025,[0.31473343 0.13380844 0.16183884],0.6732065187012487,0.6044091186989244,0.5103712646586971,0.5103712646586971,0.38416499517910646,0.3784926320246022,0.35122250209122685,0.35122250209122685,0.35122250209122685,0.35122250209122685,0.34898547174378575,0.34567823731062514,0.34567823731062514,0.34567823731062514,0.34561397239180197,0.3446261589382409,0.3446261589382409,0.34439607701769265,0.34373305746473376,0.34373305746473376,0.34373305746473376,0.34373305746473376,0.34373305746473376,0.34373305746473376,0.3437069477469695,0.3437069477469695,0.3437069477469695,0.3437069477469695,0.3437069477469695,0.3437069477469695,0.3437069477469695,0.3436932790767673,0.3436783875325716,0.3436783875325716,0.3436783875325716,0.34367147262315484,0.3436696288309668,0.3436686288016803,0.3436686288016803,0.3436686288016803,0.3436669826621983,0.3436669826621983,0.3436669826621983,0.3436669826621983,0.3436669826621983,0.3436669255364719,0.3436669255364719,0.3436669255364719,0.3436669146080082,0.3436669146080082,0.3436669146080082,0.3436669146080082,0.3436669146080082,0.3436669146080082,0.3436669146080082,0.34366688194961426,0.34366688194961426,0.3436668101750288,0.3436668101750288,0.3436668101750288,0.3436668101750288,0.3436668101750288,0.34366677377260146,0.34366677377260146,0.34366677377260146,0.34366674922383467,0.34366674922383467,0.34366674922383467,0.34366674922383467,0.34366674922383467,0.34366674922383467,0.34366674621964705,0.3436667457678692,0.3436667457678692,0.3436667457678692,0.3436667457678692,0.3436667457678692,0.3436667457678692,0.3436667456597424,0.3436667455424295
DE,MSE_ESI,0.7507236003875732,[0.3147371  0.13380764 0.16190697],2.8942242915378023,0.6926347621418373,0.6926347621418373,0.6926347621418373,0.3712793486667619,0.3712793486667619,0.3712793486667619,0.3712793486667619,0.35711821760885915,0.35688641431046336,0.3451126021034821,0.3451126021034821,0.3451126021034821,0.3451126021034821,0.34493676818701446,0.34393746791044233,0.34393746791044233,0.34393746791044233,0.34393746791044233,0.34393746791044233,0.34393746791044233,0.34389530172964616,0.34371631201545605,0.34371631201545605,0.3436963203105683,0.3436963203105683,0.3436963203105683,0.3436963203105683,0.34368016138396446,0.34368016138396446,0.34368016138396446,0.34368016138396446,0.3436778541664972,0.3436778541664972,0.3436778541664972,0.34367478553061076,0.3436741955008617,0.3436741955008617,0.3436718880044697,0.3436672450727379,0.3436670205997088,0.3436670205997088,0.3436670205997088,0.3436670205997088,0.3436670205997088,0.3436670205997088,0.3436670205997088,0.34366695875773673,0.3436669151443991,0.34366676524984247,0.34366676524984247,0.34366676524984247,0.34366676524984247,0.34366676524984247,0.34366676524984247,0.3436667569547463,0.3436667569547463,0.3436667569547463,0.3436667569547463,0.3436667512086192,0.34366674583059154,0.34366674583059154,0.34366674583059154,0.34366674583059154,0.34366674583059154,0.34366674583059154,0.34366674583059154,0.34366674583059154,0.34366674583059154,0.3436667456342307,0.3436667456342307,0.3436667456342307,0.34366674552683657,0.3436667453199836,0.3436667453199836,0.3436667453199836,0.3436667453199836,0.3436667453199836,0.3436667453086214,0.3436667453086214
DE,MSE_ESI,0.853562593460083,[0.31473715 0.13380651 0.16198187],0.5428730907286836,0.5428730907286836,0.5428730907286836,0.3871613593918123,0.3871613593918123,0.3871613593918123,0.3871613593918123,0.3871613593918123,0.3871613593918123,0.35954453726899044,0.35954453726899044,0.35508785226057693,0.35508785226057693,0.34881176820918786,0.34719377555022735,0.3439340238061027,0.3439340238061027,0.3439340238061027,0.3439340238061027,0.3439340238061027,0.3439340238061027,0.3439340238061027,0.3436973265507775,0.3436973265507775,0.3436973265507775,0.3436973265507775,0.3436973265507775,0.3436973265507775,0.3436973265507775,0.3436973265507775,0.3436912758576643,0.3436912758576643,0.3436912758576643,0.3436912758576643,0.3436912758576643,0.3436912758576643,0.3436912758576643,0.34367149501789285,0.34367149501789285,0.34367149501789285,0.34366974663111505,0.34366974663111505,0.34366974663111505,0.34366974663111505,0.34366974663111505,0.34366974663111505,0.34366974663111505,0.34366974663111505,0.3436676070709528,0.3436674024372993,0.3436670354381816,0.3436670354381816,0.3436670354381816,0.3436669214758793,0.3436669214758793,0.343666887525463,0.3436667679907321,0.3436667679907321,0.3436667679907321,0.3436667679907321,0.3436667589169906,0.3436667589169906,0.3436667589169906,0.3436667589169906,0.3436667589169906,0.3436667589169906,0.3436667541780648,0.3436667521318034,0.3436667503838927,0.34366674602643865,0.34366674602643865,0.34366674602643865,0.34366674602643865,0.34366674602643865,0.34366674602643865,0.3436667454188358,0.3436667454188358,0.3436667454188358,0.3436667454188358,0.3436667454188358
DE,MSE_ESI,0.8469703197479248,[0.31473845 0.13380777 0.16186981],1.038695623611015,1.038695623611015,1.038695623611015,1.038695623611015,0.5304122179743078,0.45115189656100385,0.45115189656100385,0.45115189656100385,0.45115189656100385,0.35800126073308175,0.35800126073308175,0.35800126073308175,0.3575678398687117,0.3575678398687117,0.3475715274345731,0.3460398824605459,0.3457501631009729,0.3437112582283076,0.3437112582283076,0.3437112582283076,0.3437112582283076,0.3437112582283076,0.3437112582283076,0.3437112582283076,0.3437112582283076,0.343708373012129,0.34368541684671133,0.34368541684671133,0.34367312788693277,0.34367312788693277,0.3436729556339471,0.3436729556339471,0.34366991150282106,0.34366991150282106,0.3436692388286714,0.34366910396536465,0.34366851298096823,0.34366851298096823,0.34366851298096823,0.34366826461789085,0.34366684330502956,0.34366684330502956,0.34366684330502956,0.34366684330502956,0.34366684330502956,0.34366684330502956,0.3436667995928497,0.3436667995928497,0.3436667995928497,0.3436667995928497,0.34366675256073187,0.34366675256073187,0.34366675256073187,0.34366675256073187,0.34366675256073187,0.3436667495509636,0.3436667495509636,0.3436667495509636,0.34366674635850963,0.34366674624612115,0.34366674624612115,0.34366674624612115,0.3436667458343888,0.3436667458194732,0.3436667453069947,0.3436667453069947,0.3436667453069947,0.3436667453069947,0.3436667453069947,0.3436667453069947,0.3436667453069947,0.34366674530390007,0.34366674530390007,0.34366674530390007,0.34366674530390007,0.34366674530390007,0.34366674530390007,0.34366674530390007,0.3436667452616008,0.3436667452616008
DE,MSE_ESI,0.7964928150177002,[0.31474197 0.13380686 0.16192657],0.5334856586620368,0.5334856586620368,0.35841733417978966,0.35841733417978966,0.35841733417978966,0.35841733417978966,0.35841733417978966,0.35841733417978966,0.35841733417978966,0.35841733417978966,0.3460390606615129,0.3460390606615129,0.3460390606615129,0.3460390606615129,0.3454321439090061,0.3454321439090061,0.3454321439090061,0.343856648584057,0.343856648584057,0.343856648584057,0.343856648584057,0.343856648584057,0.343856648584057,0.34385522724897,0.34385522724897,0.34385522724897,0.34385522724897,0.34380845052514447,0.3437154244400766,0.3437100851826125,0.34368447114839223,0.34368447114839223,0.34368351287215465,0.34368351287215465,0.34368351287215465,0.34367188738150806,0.34367188738150806,0.34367188738150806,0.3436703578368055,0.3436703578368055,0.3436703578368055,0.3436703578368055,0.3436703578368055,0.3436703578368055,0.34366719967840414,0.3436671486760676,0.3436671486760676,0.3436671486760676,0.3436671486760676,0.3436671486760676,0.3436671486760676,0.3436670355174472,0.34366694452855345,0.34366687422981396,0.34366680763857654,0.3436668065524019,0.3436667853544262,0.3436667853544262,0.3436667629429003,0.3436667629429003,0.3436667629429003,0.3436667501885667,0.3436667501885667,0.3436667501885667,0.3436667501885667,0.3436667489843669,0.3436667489843669,0.3436667489843669,0.3436667489843669,0.3436667479065426,0.3436667479065426,0.3436667479065426,0.34366674596102587,0.34366674596102587,0.34366674596102587,0.34366674596102587,0.34366674596102587,0.34366674596102587,0.34366674551469356,0.34366674551469356
DE,MSE_ESI,0.8247244358062744,[0.31473584 0.13380849 0.16181438],0.9474888814347582,0.9474888814347582,0.9474888814347582,0.616412825784523,0.616412825784523,0.48693062746769755,0.3586483618096992,0.3586483618096992,0.3586483618096992,0.3586483618096992,0.3586483618096992,0.3514893117781025,0.35002107505991875,0.34751092708134385,0.34751092708134385,0.34751092708134385,0.34454713691929595,0.34454713691929595,0.34454713691929595,0.3445269713542922,0.3445269713542922,0.3438178908267868,0.3438178908267868,0.3438178908267868,0.3438178908267868,0.3438178908267868,0.3438178908267868,0.34377143708722574,0.3437079905936577,0.3437079905936577,0.3437079905936577,0.3437079905936577,0.3436783564225768,0.3436783564225768,0.3436783564225768,0.3436675560546962,0.3436675560546962,0.3436675560546962,0.3436675560546962,0.3436675560546962,0.3436675560546962,0.3436675560546962,0.3436675560546962,0.3436675560546962,0.34366752101917203,0.34366706701514543,0.34366706701514543,0.34366706701514543,0.34366706701514543,0.34366706701514543,0.34366706701514543,0.3436667860315421,0.34366675637663163,0.34366675637663163,0.34366675637663163,0.34366675637663163,0.3436667524597266,0.3436667524597266,0.3436667524597266,0.3436667524597266,0.3436667495211782,0.3436667495211782,0.3436667495211782,0.3436667495211782,0.3436667489420423,0.3436667475593156,0.3436667475593156,0.3436667475363858,0.3436667475363858,0.343666746719483,0.343666746719483,0.343666746719483,0.3436667458733314,0.3436667458733314,0.3436667458733314,0.3436667455608114,0.34366674534913255,0.34366674534913255,0.34366674534913255,0.34366674534913255
